{"conn": [[0.0, 1.0, 2.0, 3.0, 4.0, 5.0, 6.0, 7.0, 8.0, 9.0, 10.0, 11.0, 12.0, 13.0, 14.0, 15.0, 16.0, 17.0, 18.0, 19.0, 20.0, 21.0, 22.0, 23.0, 24.0, 25.0, 26.0, 27.0, 28.0, 29.0, 30.0, 31.0, 32.0, 33.0, 34.0, 35.0, 36.0, 37.0, 38.0, 39.0, 40.0, 41.0, 42.0, 43.0, 44.0, 45.0, 46.0, 47.0, 48.0, 49.0, 50.0, 51.0, 52.0], [0.0, 1.0, 2.0, 3.0, 4.0, 5.0, 6.0, 7.0, 8.0, 9.0, 10.0, 11.0, 0.0, 1.0, 2.0, 3.0, 4.0, 5.0, 6.0, 7.0, 8.0, 9.0, 10.0, 11.0, 0.0, 1.0, 2.0, 3.0, 4.0, 5.0, 6.0, 7.0, 8.0, 9.0, 10.0, 11.0, 13.0, 14.0, 15.0, 13.0, 14.0, 15.0, 13.0, 14.0, 15.0, 12.0, 12.0, 12.0, 12.0, 12.0, 12.0, 0.0, 19.0], [13.0, 13.0, 13.0, 13.0, 13.0, 13.0, 13.0, 13.0, 13.0, 13.0, 13.0, 13.0, 14.0, 14.0, 14.0, 14.0, 14.0, 14.0, 14.0, 14.0, 14.0, 14.0, 14.0, 14.0, 15.0, 15.0, 15.0, 15.0, 15.0, 15.0, 15.0, 15.0, 15.0, 15.0, 15.0, 15.0, 16.0, 16.0, 16.0, 17.0, 17.0, 17.0, 18.0, 18.0, 18.0, 13.0, 14.0, 15.0, 16.0, 17.0, 18.0, 19.0, 14.0], [0.6816557396830498, 0.5525820079217988, 0.13821289068263198, 1.448637934715806, -0.6271058272012486, -0.5447785892993849, -0.6507591139178023, 1.6078955627485274, 0.9791070145557166, -0.16524530828756223, 0.761554958105367, 1.0352978590261437, -0.4888827044959692, -0.988352273752943, -1.2543647512856462, 0.6825061664479116, 0.12474706827640164, 0.6833988400146881, 0.7293270558396263, -0.1638610925536269, 1.3089825401239747, 0.8480003086560753, 0.7886696546553713, -0.6757500797255314, -1.4734668155329131, 0.12256108832093207, 0.5030297976297486, -0.5106881165396663, 0.023459560472001935, -0.12232448735292578, 0.3545101756839482, 0.17973316031520695, -0.10228860492378794, -1.5912829578871666, -1.8477349667798157, 1.0130454744299446, 1.020903476583539, 1.4437135338763152, -0.2792218072161865, 0.6408272601079411, 0.7468177735432775, -0.9460129610812594, 0.9005226605281312, 0.21117860993795523, 0.7267638133568436, 0.5159292476844098, 0.6202513625567769, 0.04134673910741893, 0.6122085135089798, -0.05775612563218985, -0.9982324480517129, 0.6796668585812198, -0.5093289001529582], [1.0, 1.0, 1.0, 1.0, 1.0, 1.0, 1.0, 1.0, 1.0, 1.0, 1.0, 1.0, 1.0, 1.0, 1.0, 1.0, 1.0, 1.0, 1.0, 1.0, 1.0, 1.0, 1.0, 1.0, 1.0, 1.0, 1.0, 1.0, 1.0, 1.0, 1.0, 1.0, 1.0, 1.0, 1.0, 1.0, 1.0, 1.0, 1.0, 1.0, 1.0, 1.0, 1.0, 1.0, 1.0, 1.0, 1.0, 1.0, 1.0, 1.0, 1.0, 1.0, 1.0]], "node": [[0.0, 1.0, 2.0, 3.0, 4.0, 5.0, 6.0, 7.0, 8.0, 9.0, 10.0, 11.0, 12.0, 13.0, 14.0, 15.0, 16.0, 17.0, 18.0, 19.0], [1.0, 1.0, 1.0, 1.0, 1.0, 1.0, 1.0, 1.0, 1.0, 1.0, 1.0, 1.0, 4.0, 3.0, 3.0, 3.0, 2.0, 2.0, 2.0, 3.0], [9.0, 9.0, 9.0, 9.0, 9.0, 9.0, 9.0, 9.0, 9.0, 9.0, 9.0, 9.0, 9.0, 9.0, 9.0, 9.0, 9.0, 9.0, 9.0, 5.0]]}