{"conn": [[0.0, 1.0, 2.0, 3.0, 4.0, 5.0, 6.0, 7.0, 8.0, 9.0, 10.0, 11.0, 12.0, 13.0, 14.0, 15.0, 16.0, 17.0, 18.0, 19.0, 20.0, 21.0, 22.0, 23.0, 24.0, 25.0, 26.0, 27.0, 28.0, 29.0, 30.0, 31.0, 32.0, 33.0, 34.0, 35.0, 36.0, 37.0, 38.0, 39.0, 40.0, 41.0, 42.0, 43.0, 44.0, 45.0, 46.0, 47.0, 48.0, 49.0, 50.0, 51.0, 52.0], [0.0, 1.0, 2.0, 3.0, 4.0, 5.0, 6.0, 7.0, 8.0, 9.0, 10.0, 11.0, 0.0, 1.0, 2.0, 3.0, 4.0, 5.0, 6.0, 7.0, 8.0, 9.0, 10.0, 11.0, 0.0, 1.0, 2.0, 3.0, 4.0, 5.0, 6.0, 7.0, 8.0, 9.0, 10.0, 11.0, 13.0, 14.0, 15.0, 13.0, 14.0, 15.0, 13.0, 14.0, 15.0, 12.0, 12.0, 12.0, 12.0, 12.0, 12.0, 15.0, 19.0], [13.0, 13.0, 13.0, 13.0, 13.0, 13.0, 13.0, 13.0, 13.0, 13.0, 13.0, 13.0, 14.0, 14.0, 14.0, 14.0, 14.0, 14.0, 14.0, 14.0, 14.0, 14.0, 14.0, 14.0, 15.0, 15.0, 15.0, 15.0, 15.0, 15.0, 15.0, 15.0, 15.0, 15.0, 15.0, 15.0, 16.0, 16.0, 16.0, 17.0, 17.0, 17.0, 18.0, 18.0, 18.0, 13.0, 14.0, 15.0, 16.0, 17.0, 18.0, 19.0, 17.0], [0.669540181414952, -0.5734632427145601, 0.40377659779002195, 1.2277624990853986, 0.15443242592121081, 0.14555203645755005, 1.5220012951048725, -0.6794649598330387, -0.1365095348189163, -1.0460293018302982, 1.1285345997731235, 0.046439329976366996, -0.40617946711362407, -1.1027929997956445, 1.3089218244750713, -0.6653906463759945, -0.1638825729887627, 1.2458313449255656, 0.6363038587136175, 1.896898897733437, 0.9626655641467503, -0.028800173689663797, -2.0, -0.003311852925151168, -0.5157209642086493, -1.194970893098315, 0.5622731751169914, -0.38705074604690226, 0.23237326983688378, -1.9633266589954708, -0.14925775355007775, -0.943931700948994, 0.3628805212647354, -0.265271078990262, 0.9713878647540957, 0.2242163855641264, -0.16946002273238392, 1.2509479536449795, -0.11999106406079027, -0.48957126110671484, -0.14196129754626868, 1.19720268088387, -0.41085224315057917, -0.5661854368707445, -0.001163936107156191, -0.5884854948113271, -0.19874035622856723, -0.4848793782482137, 0.0811096250485289, 0.43981123533453786, -0.17542369102651326, 0.5374797785488016, -0.48476483025229355], [1.0, 1.0, 1.0, 1.0, 1.0, 1.0, 1.0, 1.0, 1.0, 1.0, 1.0, 1.0, 1.0, 1.0, 1.0, 1.0, 1.0, 1.0, 1.0, 1.0, 1.0, 1.0, 1.0, 1.0, 1.0, 1.0, 1.0, 1.0, 1.0, 1.0, 1.0, 1.0, 1.0, 1.0, 1.0, 1.0, 1.0, 1.0, 1.0, 1.0, 1.0, 1.0, 1.0, 1.0, 1.0, 1.0, 1.0, 1.0, 1.0, 1.0, 1.0, 1.0, 1.0]], "node": [[0.0, 1.0, 2.0, 3.0, 4.0, 5.0, 6.0, 7.0, 8.0, 9.0, 10.0, 11.0, 12.0, 13.0, 14.0, 15.0, 16.0, 17.0, 18.0, 19.0], [1.0, 1.0, 1.0, 1.0, 1.0, 1.0, 1.0, 1.0, 1.0, 1.0, 1.0, 1.0, 4.0, 3.0, 3.0, 3.0, 2.0, 2.0, 2.0, 3.0], [9.0, 9.0, 9.0, 9.0, 9.0, 9.0, 9.0, 9.0, 9.0, 9.0, 9.0, 9.0, 9.0, 9.0, 9.0, 9.0, 9.0, 9.0, 9.0, 5.0]]}