{"conn": [[0.0, 1.0, 2.0, 3.0, 4.0, 5.0, 6.0, 7.0, 8.0, 9.0, 10.0, 11.0, 12.0, 13.0, 14.0, 15.0, 16.0, 17.0, 18.0, 19.0, 20.0, 21.0, 22.0, 23.0, 24.0, 25.0, 26.0, 27.0, 28.0, 29.0, 30.0, 31.0, 32.0, 33.0, 34.0, 35.0, 36.0, 37.0, 38.0, 39.0, 40.0, 41.0, 42.0, 43.0, 44.0, 45.0, 46.0, 47.0, 48.0, 49.0, 50.0, 51.0, 52.0], [0.0, 1.0, 2.0, 3.0, 4.0, 5.0, 6.0, 7.0, 8.0, 9.0, 10.0, 11.0, 0.0, 1.0, 2.0, 3.0, 4.0, 5.0, 6.0, 7.0, 8.0, 9.0, 10.0, 11.0, 0.0, 1.0, 2.0, 3.0, 4.0, 5.0, 6.0, 7.0, 8.0, 9.0, 10.0, 11.0, 13.0, 14.0, 15.0, 13.0, 14.0, 15.0, 13.0, 14.0, 15.0, 12.0, 12.0, 12.0, 12.0, 12.0, 12.0, 15.0, 19.0], [13.0, 13.0, 13.0, 13.0, 13.0, 13.0, 13.0, 13.0, 13.0, 13.0, 13.0, 13.0, 14.0, 14.0, 14.0, 14.0, 14.0, 14.0, 14.0, 14.0, 14.0, 14.0, 14.0, 14.0, 15.0, 15.0, 15.0, 15.0, 15.0, 15.0, 15.0, 15.0, 15.0, 15.0, 15.0, 15.0, 16.0, 16.0, 16.0, 17.0, 17.0, 17.0, 18.0, 18.0, 18.0, 13.0, 14.0, 15.0, 16.0, 17.0, 18.0, 19.0, 17.0], [0.006490605745653855, 0.14720271480554287, 0.6705947077093053, 0.9243248124664312, 0.7818700716287433, -0.042128209224976676, 0.2480880224865924, -0.17400792891718678, -0.7754570526446649, -0.22054829078701493, 0.4317277133923988, 0.14327185229517153, -0.6807711456876859, -0.6059108941814703, 0.6063627224925459, -0.8651203468781306, 0.17100158190175827, 0.8809001636052207, 0.7435999281361311, 2.0, 0.45658092235478903, -0.0732936684286884, -1.7190585447726217, 0.45233866819830126, -0.8259772183287288, -1.0031608168931818, 0.06078399205534485, -0.38785924912492364, 0.4069236045012298, -1.26162918693901, 0.5691789123130973, -0.987672974743975, 0.04826436595251571, -0.34436591804226263, 1.0749175628600396, 0.4434782031636798, -0.3702440863785786, 0.8710716992248104, -0.42552777190602914, -0.8524683137796086, 0.278466806369688, 0.476161668177239, 0.7378360125966579, -0.9711062529970773, -0.1334853506112957, 0.15680265124215734, 0.43256448987124263, -0.1858722943365536, 0.29186073852284555, 0.5878428926858434, -0.2128736035477996, 0.6079405262721829, -0.6475922736146733], [1.0, 1.0, 1.0, 1.0, 1.0, 1.0, 1.0, 1.0, 1.0, 1.0, 1.0, 1.0, 1.0, 1.0, 1.0, 1.0, 1.0, 1.0, 1.0, 1.0, 1.0, 1.0, 1.0, 1.0, 1.0, 1.0, 1.0, 1.0, 1.0, 1.0, 1.0, 1.0, 1.0, 1.0, 1.0, 1.0, 1.0, 1.0, 1.0, 1.0, 1.0, 1.0, 1.0, 1.0, 1.0, 1.0, 1.0, 1.0, 1.0, 1.0, 1.0, 1.0, 1.0]], "node": [[0.0, 1.0, 2.0, 3.0, 4.0, 5.0, 6.0, 7.0, 8.0, 9.0, 10.0, 11.0, 12.0, 13.0, 14.0, 15.0, 16.0, 17.0, 18.0, 19.0], [1.0, 1.0, 1.0, 1.0, 1.0, 1.0, 1.0, 1.0, 1.0, 1.0, 1.0, 1.0, 4.0, 3.0, 3.0, 3.0, 2.0, 2.0, 2.0, 3.0], [9.0, 9.0, 9.0, 9.0, 9.0, 9.0, 9.0, 9.0, 9.0, 9.0, 9.0, 9.0, 9.0, 9.0, 9.0, 9.0, 9.0, 9.0, 9.0, 5.0]]}