{"conn": [[0.0, 1.0, 2.0, 3.0, 4.0, 5.0, 6.0, 7.0, 8.0, 9.0, 10.0, 11.0, 12.0, 13.0, 14.0, 15.0, 16.0, 17.0, 18.0, 19.0, 20.0, 21.0, 22.0, 23.0, 24.0, 25.0, 26.0, 27.0, 28.0, 29.0, 30.0, 31.0, 32.0, 33.0, 34.0, 35.0, 36.0, 37.0, 38.0, 39.0, 40.0, 41.0, 42.0, 43.0, 44.0, 45.0, 46.0, 47.0, 48.0, 49.0, 50.0, 51.0], [0.0, 1.0, 2.0, 3.0, 4.0, 5.0, 6.0, 7.0, 8.0, 9.0, 10.0, 11.0, 0.0, 1.0, 2.0, 3.0, 4.0, 5.0, 6.0, 7.0, 8.0, 9.0, 10.0, 11.0, 0.0, 1.0, 2.0, 3.0, 4.0, 5.0, 6.0, 7.0, 8.0, 9.0, 10.0, 11.0, 13.0, 14.0, 15.0, 13.0, 14.0, 15.0, 13.0, 14.0, 15.0, 12.0, 12.0, 12.0, 12.0, 12.0, 12.0, 9.0], [13.0, 13.0, 13.0, 13.0, 13.0, 13.0, 13.0, 13.0, 13.0, 13.0, 13.0, 13.0, 14.0, 14.0, 14.0, 14.0, 14.0, 14.0, 14.0, 14.0, 14.0, 14.0, 14.0, 14.0, 15.0, 15.0, 15.0, 15.0, 15.0, 15.0, 15.0, 15.0, 15.0, 15.0, 15.0, 15.0, 16.0, 16.0, 16.0, 17.0, 17.0, 17.0, 18.0, 18.0, 18.0, 13.0, 14.0, 15.0, 16.0, 17.0, 18.0, 17.0], [-0.10499053008923903, 0.26141895090688066, -0.36219564974037777, 1.434444333709898, -0.5903621611513572, -0.15870417492462882, -0.02218209728555258, 0.44948115829220897, 1.4381251269436213, -0.3064849811825601, -0.18303623650196293, -1.0074193656975174, 0.3063671399191887, -0.17946193094768118, -0.5974440380624909, 0.33895892847619297, 0.05617866727973336, -0.5603275528421692, 1.0512365911687034, -0.5605688795284214, -0.6420985537788717, 0.606516450203382, 0.5236087209846789, 0.23994576334446857, -0.16007292754402044, -0.08638194820170486, -0.2535618135553528, -0.6603189936578696, -0.4790066400509979, -0.3859196612495711, 0.5742694894920259, 0.29086962886570517, 0.09805104165796871, -0.5924407195238641, 1.0149474261721387, -0.0711716408357635, 0.37175263100648515, -0.24038009656110365, 0.16676990738474737, 0.5252993375992067, -0.8687747719253862, -0.5358700816174171, -0.34519908810983646, 0.03712004881135231, -0.16371789910952542, -0.27551297957711485, -0.5359837017641313, 0.03156887884589689, 0.006048381868331051, -0.8639455521278742, -0.4996444315129515, 1.0], [1.0, 1.0, 1.0, 1.0, 1.0, 1.0, 1.0, 1.0, 1.0, 1.0, 1.0, 1.0, 1.0, 1.0, 1.0, 1.0, 1.0, 1.0, 1.0, 1.0, 1.0, 1.0, 1.0, 1.0, 1.0, 1.0, 1.0, 1.0, 1.0, 1.0, 1.0, 1.0, 1.0, 1.0, 1.0, 1.0, 1.0, 1.0, 1.0, 1.0, 1.0, 1.0, 1.0, 1.0, 1.0, 1.0, 1.0, 1.0, 1.0, 1.0, 1.0, 1.0]], "node": [[0.0, 1.0, 2.0, 3.0, 4.0, 5.0, 6.0, 7.0, 8.0, 9.0, 10.0, 11.0, 12.0, 13.0, 14.0, 15.0, 16.0, 17.0, 18.0], [1.0, 1.0, 1.0, 1.0, 1.0, 1.0, 1.0, 1.0, 1.0, 1.0, 1.0, 1.0, 4.0, 3.0, 3.0, 3.0, 2.0, 2.0, 2.0], [9.0, 9.0, 9.0, 9.0, 9.0, 9.0, 9.0, 9.0, 9.0, 9.0, 9.0, 9.0, 9.0, 9.0, 9.0, 9.0, 9.0, 9.0, 9.0]]}