{"conn": [[0.0, 1.0, 2.0, 3.0, 4.0, 5.0, 6.0, 7.0, 8.0, 9.0, 10.0, 11.0, 12.0, 13.0, 14.0, 15.0, 16.0, 17.0, 18.0, 19.0, 20.0, 21.0, 22.0, 23.0, 24.0, 25.0, 26.0, 27.0, 28.0, 29.0, 30.0, 31.0, 32.0, 33.0, 34.0, 35.0, 36.0, 37.0, 38.0, 39.0, 40.0, 41.0, 42.0, 43.0, 44.0, 45.0, 46.0, 47.0, 48.0, 49.0, 50.0, 51.0, 52.0, 53.0, 54.0, 55.0, 56.0, 57.0], [0.0, 0.0, 0.0, 0.0, 0.0, 0.0, 0.0, 0.0, 0.0, 0.0, 0.0, 0.0, 0.0, 0.0, 0.0, 0.0, 0.0, 0.0, 0.0, 0.0, 0.0, 0.0, 0.0, 0.0, 0.0, 0.0, 0.0, 0.0, 0.0, 0.0, 0.0, 0.0, 0.0, 0.0, 0.0, 0.0, 0.0, 0.0, 0.0, 0.0, 0.0, 0.0, 0.0, 0.0, 0.0, 0.0, 0.0, 0.0, 0.0, 0.0, 0.0, 0.0, 0.0, 0.0, 0.0, 0.0, 0.0, 0.0], [13.0, 13.0, 13.0, 13.0, 13.0, 13.0, 13.0, 13.0, 13.0, 13.0, 13.0, 13.0, 14.0, 14.0, 14.0, 14.0, 14.0, 14.0, 14.0, 14.0, 14.0, 14.0, 14.0, 14.0, 15.0, 15.0, 15.0, 15.0, 15.0, 15.0, 15.0, 15.0, 15.0, 15.0, 15.0, 15.0, 16.0, 16.0, 16.0, 17.0, 17.0, 17.0, 18.0, 18.0, 18.0, 13.0, 14.0, 15.0, 16.0, 17.0, 18.0, 19.0, 18.0, 20.0, 18.0, 19.0, 18.0, 14.0], [0.394407785285196, -0.3593123429437417, -0.3629887451231285, -0.46122704765059674, 0.7371566441822226, 0.10166196299550309, 0.4769817635128819, 0.14796784294411341, 0.14669902640345983, 0.36203022988507483, -0.36895152089861466, 0.8535046212560451, 0.030905651263626224, 0.3980345740749556, -1.5492810613247265, 0.28917545685548945, 0.9496920001515992, -0.2515675559131765, -0.8118779976646352, -1.6862928852857535, -0.5971864163326183, 0.01630919973208668, 0.10251748685760316, -0.8481543704213326, 0.8065060808265014, 0.14650969246586118, 0.0009007846869004132, 0.7073038417333589, 0.2634797835388088, -0.2646654810996349, 1.0453862420839972, -0.14051220673516537, 0.4177510039264747, 0.6073271211718213, -0.5301974118783552, 0.6167937565288615, -0.6535965213315524, -0.39472248211044314, 0.5932774671491081, -1.1007901508450528, -1.3681969403123464, -0.5013511900150055, 0.5970480260362503, -0.05330830520859842, 0.2724989589916229, -1.5981668254988857, 0.2647523704645096, 0.8240555826956433, 0.1867466030869173, 0.25329263220196246, -0.7755629552899022, 0.8127039041572209, -0.47372068896480507, 0.5979190594641819, 0.6064056581147933, 0.2855855291657605, 0.6747972686435604, 1.0], [1.0, 1.0, 1.0, 1.0, 1.0, 1.0, 1.0, 1.0, 1.0, 1.0, 1.0, 1.0, 1.0, 1.0, 1.0, 1.0, 1.0, 1.0, 1.0, 1.0, 1.0, 1.0, 1.0, 1.0, 1.0, 1.0, 1.0, 1.0, 1.0, 1.0, 1.0, 1.0, 1.0, 1.0, 1.0, 1.0, 1.0, 1.0, 1.0, 1.0, 1.0, 1.0, 0.0, 0.0, 1.0, 1.0, 1.0, 1.0, 1.0, 1.0, 1.0, 1.0, 1.0, 1.0, 1.0, 1.0, 1.0, 1.0]], "node": [[0.0, 1.0, 2.0, 3.0, 4.0, 5.0, 6.0, 7.0, 8.0, 9.0, 10.0, 11.0, 12.0, 13.0, 14.0, 15.0, 16.0, 17.0, 18.0, 19.0, 20.0], [1.0, 1.0, 1.0, 1.0, 1.0, 1.0, 1.0, 1.0, 1.0, 1.0, 1.0, 1.0, 4.0, 3.0, 3.0, 3.0, 2.0, 2.0, 2.0, 3.0, 3.0], [1.0, 1.0, 1.0, 1.0, 1.0, 1.0, 1.0, 1.0, 1.0, 1.0, 1.0, 1.0, 1.0, 1.0, 1.0, 1.0, 1.0, 1.0, 1.0, 5.0, 5.0]]}