{"conn": [[0.0, 1.0, 2.0, 3.0, 4.0, 5.0, 6.0, 7.0, 8.0, 9.0, 10.0, 11.0, 12.0, 13.0, 14.0, 15.0, 16.0, 17.0, 18.0, 19.0, 20.0, 21.0, 22.0, 23.0, 24.0, 25.0, 26.0, 27.0, 28.0, 29.0, 30.0, 31.0, 32.0, 33.0, 34.0, 35.0, 36.0, 37.0, 38.0, 261.0, 262.0, 348.0, 349.0, 350.0, 508.0, 509.0, 865.0, 1119.0, 1120.0], [0.0, 1.0, 2.0, 3.0, 4.0, 5.0, 6.0, 7.0, 8.0, 9.0, 10.0, 11.0, 12.0, 0.0, 1.0, 2.0, 3.0, 4.0, 5.0, 6.0, 7.0, 8.0, 9.0, 10.0, 11.0, 12.0, 0.0, 1.0, 2.0, 3.0, 4.0, 5.0, 6.0, 7.0, 8.0, 9.0, 10.0, 11.0, 12.0, 3.0, 112.0, 3.0, 148.0, 10.0, 5.0, 210.0, 10.0, 0.0, 460.0], [13.0, 13.0, 13.0, 13.0, 13.0, 13.0, 13.0, 13.0, 13.0, 13.0, 13.0, 13.0, 13.0, 14.0, 14.0, 14.0, 14.0, 14.0, 14.0, 14.0, 14.0, 14.0, 14.0, 14.0, 14.0, 14.0, 15.0, 15.0, 15.0, 15.0, 15.0, 15.0, 15.0, 15.0, 15.0, 15.0, 15.0, 15.0, 15.0, 112.0, 15.0, 148.0, 14.0, 16.0, 210.0, 14.0, 18.0, 460.0, 15.0], [-0.754873724121356, 0.9981099345917472, -1.0513078036472234, -0.5458571245800081, -0.6339619439630823, -2.0, -0.20653993205664734, -0.5907723162099467, 1.4458644124460553, -0.8017896661407524, 0.33151875763653693, 2.0, -1.7758884400851802, -0.10444336345064284, 1.5526943420659944, 0.223867000378749, 1.4089779262715796, -0.9779144305167552, -1.5380330619462246, 0.33963767963014324, 1.0020490346995792, 0.46013582291239963, 1.9218586539372084, 1.3401315643874023, -0.7083616836566972, 1.8661825442586526, -1.1731427817825377, -1.086171716451372, 0.8560512110637777, 0.9052192173596492, 1.061037572979125, -1.9668993701897353, 0.37625328349655607, 0.38220361603312325, -1.6075540032634312, 1.171702970073385, -1.1203867504346374, -0.19980090725380567, 0.05291298196962895, 0.9461628139643191, 1.8387119418322038, 2.0, 0.8685816135020571, 1.7398373033515653, 0.7844604646003662, 0.14345865025745266, 0.821458919448919, 1.0, -1.1731427817825377], [1.0, 1.0, 1.0, 1.0, 1.0, 1.0, 1.0, 1.0, 1.0, 1.0, 1.0, 1.0, 1.0, 1.0, 1.0, 1.0, 0.0, 1.0, 0.0, 1.0, 1.0, 1.0, 1.0, 1.0, 1.0, 1.0, 0.0, 1.0, 1.0, 0.0, 1.0, 1.0, 1.0, 1.0, 1.0, 1.0, 1.0, 1.0, 1.0, 1.0, 1.0, 1.0, 1.0, 1.0, 1.0, 1.0, 1.0, 1.0, 1.0]], "node": [[0.0, 1.0, 2.0, 3.0, 4.0, 5.0, 6.0, 7.0, 8.0, 9.0, 10.0, 11.0, 12.0, 13.0, 14.0, 15.0, 112.0, 148.0, 210.0, 460.0], [4.0, 1.0, 1.0, 1.0, 1.0, 1.0, 1.0, 1.0, 1.0, 1.0, 1.0, 1.0, 1.0, 2.0, 2.0, 2.0, 3.0, 3.0, 3.0, 3.0], [1.0, 1.0, 1.0, 1.0, 1.0, 1.0, 1.0, 1.0, 1.0, 1.0, 1.0, 1.0, 1.0, 1.0, 1.0, 1.0, 5.0, 5.0, 5.0, 5.0]]}