{"conn": [[0.0, 1.0, 2.0, 3.0, 4.0, 5.0, 6.0, 7.0, 8.0, 9.0, 10.0, 11.0, 12.0, 13.0, 14.0, 15.0, 16.0, 17.0, 18.0, 19.0, 20.0, 21.0, 22.0, 23.0, 24.0, 25.0, 26.0, 27.0, 28.0, 29.0, 30.0, 31.0, 32.0, 33.0, 34.0, 35.0, 36.0, 37.0, 38.0, 89746.0, 89747.0, 89748.0, 89915.0, 89916.0, 90073.0, 90074.0, 90449.0, 90450.0, 90451.0, 90726.0, 90727.0, 90771.0, 90772.0], [0.0, 1.0, 2.0, 3.0, 4.0, 5.0, 6.0, 7.0, 8.0, 9.0, 10.0, 11.0, 12.0, 0.0, 1.0, 2.0, 3.0, 4.0, 5.0, 6.0, 7.0, 8.0, 9.0, 10.0, 11.0, 12.0, 0.0, 1.0, 2.0, 3.0, 4.0, 5.0, 6.0, 7.0, 8.0, 9.0, 10.0, 11.0, 12.0, 7.0, 34572.0, 1.0, 6.0, 34638.0, 12.0, 34697.0, 3.0, 34831.0, 3.0, 34831.0, 34937.0, 1.0, 34954.0], [13.0, 13.0, 13.0, 13.0, 13.0, 13.0, 13.0, 13.0, 13.0, 13.0, 13.0, 13.0, 13.0, 14.0, 14.0, 14.0, 14.0, 14.0, 14.0, 14.0, 14.0, 14.0, 14.0, 14.0, 14.0, 14.0, 15.0, 15.0, 15.0, 15.0, 15.0, 15.0, 15.0, 15.0, 15.0, 15.0, 15.0, 15.0, 15.0, 34572.0, 15.0, 16.0, 34638.0, 13.0, 34697.0, 15.0, 34831.0, 14.0, 16.0, 34937.0, 14.0, 34954.0, 13.0], [0.18145197113990974, -1.7201859690411023, -2.0, -0.6100866508003567, -0.8066832732180543, -0.9215486015874009, -0.6105977679709335, -1.2608697410461578, -0.5718216033625827, 0.5695288466226641, 0.9467298853499049, 1.2437611688650765, 0.7259747432682895, -2.0, 0.9166572639015624, -1.1307826004538561, 1.6391819246726271, 1.9655219507640525, -1.6073840443210305, -0.9144920343836169, 0.2061893742167863, -1.2518574996128742, -0.353173382040524, -1.6463987373308955, 0.027624720879038403, 1.3191019029728304, -1.9532201336126838, -0.7483160940906555, 1.1520944342630584, 0.5317203085451828, -0.24672972290573789, 0.8698561132794826, 1.852480519182641, -1.3383297301232007, 1.1598572927828952, 1.429749372430833, -1.4120919543262334, 1.0892127387089787, 1.7232352621724127, 1.052042515944199, -1.9337027229425028, 0.08795673271198248, 1.8811949148090457, 0.30262182473258453, -0.15698801773677756, 1.7208398546378354, 1.1235374203668935, 0.8843473527381656, 0.4855860334063463, 1.7337431997741655, 1.411319198500054, 1.7925245527358054, -0.8637238446503721], [1.0, 0.0, 1.0, 1.0, 1.0, 1.0, 0.0, 1.0, 1.0, 1.0, 1.0, 1.0, 1.0, 1.0, 1.0, 1.0, 0.0, 1.0, 1.0, 1.0, 1.0, 1.0, 1.0, 1.0, 1.0, 1.0, 1.0, 1.0, 1.0, 1.0, 1.0, 1.0, 1.0, 0.0, 1.0, 1.0, 1.0, 1.0, 0.0, 1.0, 1.0, 1.0, 1.0, 1.0, 1.0, 1.0, 1.0, 0.0, 1.0, 1.0, 1.0, 1.0, 1.0]], "node": [[0.0, 1.0, 2.0, 3.0, 4.0, 5.0, 6.0, 7.0, 8.0, 9.0, 10.0, 11.0, 12.0, 13.0, 14.0, 15.0, 34572.0, 34638.0, 34697.0, 34831.0, 34937.0, 34954.0], [4.0, 1.0, 1.0, 1.0, 1.0, 1.0, 1.0, 1.0, 1.0, 1.0, 1.0, 1.0, 1.0, 2.0, 2.0, 2.0, 3.0, 3.0, 3.0, 3.0, 3.0, 3.0], [1.0, 1.0, 1.0, 1.0, 1.0, 1.0, 1.0, 1.0, 1.0, 1.0, 1.0, 1.0, 1.0, 1.0, 1.0, 1.0, 5.0, 5.0, 5.0, 5.0, 5.0, 5.0]]}