{"conn": [[0.0, 1.0, 2.0, 3.0, 4.0, 5.0, 6.0, 7.0, 8.0, 9.0, 10.0, 11.0, 12.0, 13.0, 14.0, 15.0, 16.0, 17.0, 18.0, 19.0, 20.0, 21.0, 22.0, 23.0, 24.0, 25.0, 26.0, 27.0, 28.0, 29.0, 30.0, 31.0, 32.0, 33.0, 34.0, 35.0, 36.0, 37.0, 38.0, 2068.0, 2069.0, 2264.0, 2713.0], [0.0, 1.0, 2.0, 3.0, 4.0, 5.0, 6.0, 7.0, 8.0, 9.0, 10.0, 11.0, 12.0, 0.0, 1.0, 2.0, 3.0, 4.0, 5.0, 6.0, 7.0, 8.0, 9.0, 10.0, 11.0, 12.0, 0.0, 1.0, 2.0, 3.0, 4.0, 5.0, 6.0, 7.0, 8.0, 9.0, 10.0, 11.0, 12.0, 5.0, 809.0, 1.0, 11.0], [13.0, 13.0, 13.0, 13.0, 13.0, 13.0, 13.0, 13.0, 13.0, 13.0, 13.0, 13.0, 13.0, 14.0, 14.0, 14.0, 14.0, 14.0, 14.0, 14.0, 14.0, 14.0, 14.0, 14.0, 14.0, 14.0, 15.0, 15.0, 15.0, 15.0, 15.0, 15.0, 15.0, 15.0, 15.0, 15.0, 15.0, 15.0, 15.0, 809.0, 14.0, 16.0, 16.0], [-0.31367115008484603, -1.923513470289569, -1.5631246194344093, -1.0740977153597087, 0.446682331471691, -0.7628529732239566, -1.8970057387127768, -1.5296232590218188, -1.7034283306945404, 1.2886568862702332, -0.9563865108639837, -1.384208155877344, -1.6691180240499746, 1.5593664485488627, 0.5954056938814825, -1.874958105836217, -1.2932199307551249, -0.39028960984979794, 1.886180354890193, 0.9884670876876891, 0.7783990818525401, -1.5978577623572712, -1.4854342942200136, -0.4664380810082208, 1.7668147159320422, 1.7330301804420403, -1.7939375270460485, -1.1396720604527875, -0.8385226166720311, 0.968684994415557, 1.9532893667285776, 0.763088902680553, 0.12687117302480785, -1.6333646042179406, -1.3121335442620725, 0.3193839154233623, -1.4472078165180051, -2.0, 0.9173297158723074, 1.119742291101625, 1.5811543711304519, 1.105399946675346, 0.9081255522474063], [1.0, 1.0, 1.0, 1.0, 1.0, 1.0, 1.0, 1.0, 1.0, 1.0, 1.0, 1.0, 1.0, 1.0, 1.0, 1.0, 1.0, 1.0, 0.0, 1.0, 1.0, 1.0, 1.0, 1.0, 1.0, 1.0, 1.0, 1.0, 1.0, 1.0, 1.0, 1.0, 1.0, 1.0, 1.0, 1.0, 1.0, 1.0, 1.0, 1.0, 1.0, 1.0, 1.0]], "node": [[0.0, 1.0, 2.0, 3.0, 4.0, 5.0, 6.0, 7.0, 8.0, 9.0, 10.0, 11.0, 12.0, 13.0, 14.0, 15.0, 809.0], [4.0, 1.0, 1.0, 1.0, 1.0, 1.0, 1.0, 1.0, 1.0, 1.0, 1.0, 1.0, 1.0, 2.0, 2.0, 2.0, 3.0], [1.0, 1.0, 1.0, 1.0, 1.0, 1.0, 1.0, 1.0, 1.0, 1.0, 1.0, 1.0, 1.0, 1.0, 1.0, 1.0, 5.0]]}