{"conn": [[0.0, 1.0, 2.0, 3.0, 4.0, 5.0, 6.0, 7.0, 8.0, 9.0, 10.0, 11.0, 12.0, 13.0, 14.0, 15.0, 16.0, 17.0, 18.0, 19.0, 20.0, 21.0, 22.0, 23.0, 24.0, 25.0, 26.0, 27.0, 28.0, 29.0, 30.0, 31.0, 32.0, 33.0, 34.0, 35.0, 36.0, 37.0, 38.0, 629451.0, 629452.0, 629453.0, 629627.0, 629628.0, 629743.0, 629744.0, 629745.0, 630014.0, 630015.0, 630016.0, 630218.0], [0.0, 1.0, 2.0, 3.0, 4.0, 5.0, 6.0, 7.0, 8.0, 9.0, 10.0, 11.0, 12.0, 0.0, 1.0, 2.0, 3.0, 4.0, 5.0, 6.0, 7.0, 8.0, 9.0, 10.0, 11.0, 12.0, 0.0, 1.0, 2.0, 3.0, 4.0, 5.0, 6.0, 7.0, 8.0, 9.0, 10.0, 11.0, 12.0, 10.0, 242812.0, 8.0, 5.0, 242879.0, 9.0, 242923.0, 0.0, 3.0, 243030.0, 17.0, 4.0], [13.0, 13.0, 13.0, 13.0, 13.0, 13.0, 13.0, 13.0, 13.0, 13.0, 13.0, 13.0, 13.0, 14.0, 14.0, 14.0, 14.0, 14.0, 14.0, 14.0, 14.0, 14.0, 14.0, 14.0, 14.0, 14.0, 15.0, 15.0, 15.0, 15.0, 15.0, 15.0, 15.0, 15.0, 15.0, 15.0, 15.0, 15.0, 15.0, 242812.0, 15.0, 16.0, 242879.0, 14.0, 242923.0, 14.0, 17.0, 243030.0, 13.0, 14.0, 19.0], [-1.4040662755455524, 0.6308047596887792, -0.7914986265228645, 1.0323013108157855, 1.60787223384229, 0.864848550592037, -0.8696600787170037, 0.0018308028741483642, 0.38076921223078786, 1.7191352813973833, -1.3942055028531648, -1.0790982777853788, -0.4558246815160734, 1.0010647301755147, -0.953655969843675, -1.5143281066032923, 0.48085626815996807, 1.7196609042840239, -0.5174446875306284, 1.785024190591664, -0.6391366761765866, 1.8571631276648477, -1.5923738261623126, -1.2233925409685429, 1.4006795130479843, -1.0258043131086287, 0.7805205771682848, 1.0830582577730423, 2.0, 2.0, -0.1301278886222828, -1.9879930027846588, 0.943297681102192, 0.4775359891330495, 0.030109789253674635, 1.590746578384868, 0.6781952061353806, 0.4767422238962067, -1.396293206892607, 0.8812558259963844, 0.9266419946353629, 0.5352472571017837, 1.1067884139124586, 0.3786581717986152, 1.8292617066491714, -1.6223684072407527, 0.6533306558601268, 0.8579159614055163, 0.28872851473469086, 0.9098245943159766, 1.0], [1.0, 1.0, 1.0, 0.0, 1.0, 1.0, 1.0, 1.0, 1.0, 1.0, 1.0, 1.0, 1.0, 1.0, 1.0, 1.0, 1.0, 1.0, 0.0, 1.0, 1.0, 1.0, 0.0, 1.0, 1.0, 1.0, 1.0, 1.0, 1.0, 1.0, 1.0, 1.0, 1.0, 1.0, 1.0, 1.0, 0.0, 1.0, 1.0, 1.0, 1.0, 1.0, 1.0, 1.0, 1.0, 1.0, 1.0, 1.0, 1.0, 1.0, 1.0]], "node": [[0.0, 1.0, 2.0, 3.0, 4.0, 5.0, 6.0, 7.0, 8.0, 9.0, 10.0, 11.0, 12.0, 13.0, 14.0, 15.0, 242812.0, 242879.0, 242923.0, 243030.0], [4.0, 1.0, 1.0, 1.0, 1.0, 1.0, 1.0, 1.0, 1.0, 1.0, 1.0, 1.0, 1.0, 2.0, 2.0, 2.0, 3.0, 3.0, 3.0, 3.0], [1.0, 1.0, 1.0, 1.0, 1.0, 1.0, 1.0, 1.0, 1.0, 1.0, 1.0, 1.0, 1.0, 1.0, 1.0, 1.0, 5.0, 5.0, 5.0, 5.0]]}