{"conn": [[0.0, 1.0, 2.0, 3.0, 4.0, 5.0, 6.0, 7.0, 8.0, 9.0, 10.0, 11.0, 12.0, 13.0, 14.0, 15.0, 16.0, 17.0, 18.0, 19.0, 20.0, 21.0, 22.0, 23.0, 24.0, 25.0, 26.0, 27.0, 28.0, 29.0, 30.0, 31.0, 32.0, 33.0, 34.0, 35.0, 36.0, 37.0, 38.0, 6228.0, 6229.0, 6432.0, 6433.0, 6668.0], [0.0, 1.0, 2.0, 3.0, 4.0, 5.0, 6.0, 7.0, 8.0, 9.0, 10.0, 11.0, 12.0, 0.0, 1.0, 2.0, 3.0, 4.0, 5.0, 6.0, 7.0, 8.0, 9.0, 10.0, 11.0, 12.0, 0.0, 1.0, 2.0, 3.0, 4.0, 5.0, 6.0, 7.0, 8.0, 9.0, 10.0, 11.0, 12.0, 5.0, 2445.0, 9.0, 2523.0, 11.0], [13.0, 13.0, 13.0, 13.0, 13.0, 13.0, 13.0, 13.0, 13.0, 13.0, 13.0, 13.0, 13.0, 14.0, 14.0, 14.0, 14.0, 14.0, 14.0, 14.0, 14.0, 14.0, 14.0, 14.0, 14.0, 14.0, 15.0, 15.0, 15.0, 15.0, 15.0, 15.0, 15.0, 15.0, 15.0, 15.0, 15.0, 15.0, 15.0, 2445.0, 13.0, 2523.0, 14.0, 16.0], [-0.6651018279409084, -0.7680662819703409, 0.4091483490562018, -0.9188043900669698, -0.7232181862343323, -0.38361561681204814, 0.36860055167092964, -1.864889300639646, 1.97871116403809, 1.1126683996180395, -1.4332883227897333, 1.0013144475332814, -1.9401132094430904, 0.5740804038364621, -0.213122154571772, 1.4992488024057837, 0.17279766428745125, -0.5023143363935448, -0.9375981505373404, -0.06692213399625685, -0.29007395914379663, 1.1540040214310072, -1.838312882240117, 0.758137204110284, 2.0, -1.4214058192823058, 1.788451535923643, -2.0, -0.8666815860002267, -2.0, 0.05939689997117795, -2.0, 1.91989350821287, -1.5551248824638415, -1.8414528914332426, 1.1377908448507814, 0.6145281688441224, 0.7550611721849104, -1.934154197845679, 0.7535778220211109, -0.48694498162292066, 0.6888672373860479, -1.6944917081918573, 1.4660353401009654], [1.0, 1.0, 1.0, 1.0, 1.0, 0.0, 1.0, 1.0, 1.0, 1.0, 1.0, 1.0, 1.0, 1.0, 1.0, 1.0, 1.0, 1.0, 1.0, 1.0, 1.0, 1.0, 0.0, 1.0, 1.0, 1.0, 1.0, 1.0, 1.0, 1.0, 1.0, 1.0, 1.0, 1.0, 1.0, 1.0, 1.0, 1.0, 1.0, 1.0, 1.0, 1.0, 1.0, 1.0]], "node": [[0.0, 1.0, 2.0, 3.0, 4.0, 5.0, 6.0, 7.0, 8.0, 9.0, 10.0, 11.0, 12.0, 13.0, 14.0, 15.0, 2445.0, 2523.0], [4.0, 1.0, 1.0, 1.0, 1.0, 1.0, 1.0, 1.0, 1.0, 1.0, 1.0, 1.0, 1.0, 2.0, 2.0, 2.0, 3.0, 3.0], [1.0, 1.0, 1.0, 1.0, 1.0, 1.0, 1.0, 1.0, 1.0, 1.0, 1.0, 1.0, 1.0, 1.0, 1.0, 1.0, 5.0, 5.0]]}