{"conn": [[0.0, 1.0, 2.0, 3.0, 4.0, 5.0, 6.0, 7.0, 8.0, 9.0, 10.0, 11.0, 12.0, 13.0, 14.0, 15.0, 16.0, 17.0, 18.0, 19.0, 20.0, 21.0, 22.0, 23.0, 24.0, 25.0, 26.0, 27.0, 28.0, 29.0, 30.0, 31.0, 32.0, 33.0, 34.0, 35.0, 36.0, 37.0, 38.0, 48342.0, 48343.0, 48344.0, 48452.0, 48453.0, 48454.0, 48675.0, 48676.0], [0.0, 1.0, 2.0, 3.0, 4.0, 5.0, 6.0, 7.0, 8.0, 9.0, 10.0, 11.0, 12.0, 0.0, 1.0, 2.0, 3.0, 4.0, 5.0, 6.0, 7.0, 8.0, 9.0, 10.0, 11.0, 12.0, 0.0, 1.0, 2.0, 3.0, 4.0, 5.0, 6.0, 7.0, 8.0, 9.0, 10.0, 11.0, 12.0, 6.0, 18560.0, 8.0, 8.0, 18603.0, 11.0, 3.0, 18689.0], [13.0, 13.0, 13.0, 13.0, 13.0, 13.0, 13.0, 13.0, 13.0, 13.0, 13.0, 13.0, 13.0, 14.0, 14.0, 14.0, 14.0, 14.0, 14.0, 14.0, 14.0, 14.0, 14.0, 14.0, 14.0, 14.0, 15.0, 15.0, 15.0, 15.0, 15.0, 15.0, 15.0, 15.0, 15.0, 15.0, 15.0, 15.0, 15.0, 18560.0, 14.0, 16.0, 18603.0, 14.0, 17.0, 18689.0, 14.0], [-1.2086993597355875, -1.4881999710681992, 0.9306111460390689, 0.7756797854563815, 2.0, -1.40284471738913, 0.34927006144323525, -1.6596249245010255, -1.855627542500554, -0.3117383489672092, -0.8902125501676244, -1.1501952119824352, 0.3929171863682487, 1.7239146933040876, 1.7669157273615823, 0.5171937801040554, -1.619062518662249, 1.1395638649293425, -0.7693221529952697, 1.3013441690952752, 1.6498368531803513, 0.7674873563118789, -2.0, 0.17636812195200863, -0.6945629986203099, 0.23634516141135922, -2.0, -1.6254736997240407, -1.9425782569469465, -1.1012747044172566, 0.15220042318391752, -2.0, -0.807602808329406, -0.48788455193177466, -0.3820686414193504, 2.0, -0.49251986158850447, -0.1607711018582201, -1.71580843323281, 0.9912693820463626, 1.773769525714811, 1.0529160230562367, 1.2805442594273715, 0.2036100386514748, 0.7680038483750391, 1.0, -1.619062518662249], [1.0, 1.0, 1.0, 1.0, 1.0, 1.0, 1.0, 1.0, 1.0, 1.0, 1.0, 1.0, 1.0, 1.0, 1.0, 1.0, 0.0, 1.0, 1.0, 0.0, 1.0, 0.0, 1.0, 1.0, 1.0, 1.0, 1.0, 1.0, 1.0, 1.0, 1.0, 1.0, 1.0, 1.0, 1.0, 1.0, 1.0, 1.0, 1.0, 1.0, 1.0, 1.0, 1.0, 1.0, 1.0, 1.0, 1.0]], "node": [[0.0, 1.0, 2.0, 3.0, 4.0, 5.0, 6.0, 7.0, 8.0, 9.0, 10.0, 11.0, 12.0, 13.0, 14.0, 15.0, 18560.0, 18603.0, 18689.0], [4.0, 1.0, 1.0, 1.0, 1.0, 1.0, 1.0, 1.0, 1.0, 1.0, 1.0, 1.0, 1.0, 2.0, 2.0, 2.0, 3.0, 3.0, 3.0], [1.0, 1.0, 1.0, 1.0, 1.0, 1.0, 1.0, 1.0, 1.0, 1.0, 1.0, 1.0, 1.0, 1.0, 1.0, 1.0, 5.0, 5.0, 5.0]]}