{"conn": [[0.0, 1.0, 2.0, 3.0, 4.0, 5.0, 6.0, 7.0, 8.0, 9.0, 10.0, 11.0, 12.0, 13.0, 14.0, 15.0, 16.0, 17.0, 18.0, 19.0, 20.0, 21.0, 22.0, 23.0, 24.0, 25.0, 26.0, 27.0, 28.0, 29.0, 30.0, 31.0, 32.0, 33.0, 34.0, 35.0, 36.0, 37.0, 38.0, 7348.0, 7349.0, 7506.0, 7507.0], [0.0, 1.0, 2.0, 3.0, 4.0, 5.0, 6.0, 7.0, 8.0, 9.0, 10.0, 11.0, 12.0, 0.0, 1.0, 2.0, 3.0, 4.0, 5.0, 6.0, 7.0, 8.0, 9.0, 10.0, 11.0, 12.0, 0.0, 1.0, 2.0, 3.0, 4.0, 5.0, 6.0, 7.0, 8.0, 9.0, 10.0, 11.0, 12.0, 11.0, 2836.0, 9.0, 2897.0], [13.0, 13.0, 13.0, 13.0, 13.0, 13.0, 13.0, 13.0, 13.0, 13.0, 13.0, 13.0, 13.0, 14.0, 14.0, 14.0, 14.0, 14.0, 14.0, 14.0, 14.0, 14.0, 14.0, 14.0, 14.0, 14.0, 15.0, 15.0, 15.0, 15.0, 15.0, 15.0, 15.0, 15.0, 15.0, 15.0, 15.0, 15.0, 15.0, 2836.0, 13.0, 2897.0, 14.0], [1.950511885660907, -0.8626511205926838, -1.787657107816641, 1.3702781561227715, 0.09167923422957393, -0.4360184260742766, -0.4065254613112742, -1.7506378546985655, -1.4292334628489796, -1.801578901176305, -2.0, 0.3181291036692375, -0.6287220701202025, -1.0879536765527367, 0.9672099273200198, -0.7048228926990658, 0.5030539369018517, -1.336549960733872, -0.11161151482958706, -0.8546379672782968, -1.8626405314701047, 0.9988760767364229, -0.3550294114427307, 1.0246475997051268, -1.4246398241911586, -0.1099128306836337, 1.2992330399166658, 1.0379313592065922, 0.26797077669378366, 0.8001131153541969, -0.3894839468308524, 0.28426221613000013, -0.8303442720730039, -0.5557529224413581, -1.286706590337835, 0.252166372336602, -2.0, -0.6265131763550594, 1.3099544004864572, 1.124464476340354, 1.118222001786067, 1.0, -0.3550294114427307], [1.0, 1.0, 1.0, 1.0, 1.0, 1.0, 1.0, 1.0, 1.0, 1.0, 1.0, 0.0, 1.0, 1.0, 1.0, 1.0, 1.0, 1.0, 1.0, 1.0, 1.0, 1.0, 0.0, 1.0, 1.0, 1.0, 1.0, 1.0, 1.0, 1.0, 1.0, 1.0, 1.0, 1.0, 1.0, 1.0, 1.0, 1.0, 1.0, 1.0, 1.0, 1.0, 1.0]], "node": [[0.0, 1.0, 2.0, 3.0, 4.0, 5.0, 6.0, 7.0, 8.0, 9.0, 10.0, 11.0, 12.0, 13.0, 14.0, 15.0, 2836.0, 2897.0], [4.0, 1.0, 1.0, 1.0, 1.0, 1.0, 1.0, 1.0, 1.0, 1.0, 1.0, 1.0, 1.0, 2.0, 2.0, 2.0, 3.0, 3.0], [1.0, 1.0, 1.0, 1.0, 1.0, 1.0, 1.0, 1.0, 1.0, 1.0, 1.0, 1.0, 1.0, 1.0, 1.0, 1.0, 5.0, 5.0]]}