{"conn": [[0.0, 1.0, 2.0, 3.0, 4.0, 5.0, 6.0, 7.0, 8.0, 9.0, 10.0, 11.0, 12.0, 13.0, 14.0, 15.0, 16.0, 17.0, 18.0, 19.0, 20.0, 21.0, 22.0, 23.0, 24.0, 25.0, 26.0, 27.0, 28.0, 29.0, 30.0, 31.0, 32.0, 33.0, 34.0, 35.0, 36.0, 37.0, 38.0, 134.0, 135.0, 174.0, 376.0, 377.0, 444.0, 621.0, 622.0, 623.0, 861.0, 862.0, 953.0], [0.0, 1.0, 2.0, 3.0, 4.0, 5.0, 6.0, 7.0, 8.0, 9.0, 10.0, 11.0, 12.0, 0.0, 1.0, 2.0, 3.0, 4.0, 5.0, 6.0, 7.0, 8.0, 9.0, 10.0, 11.0, 12.0, 0.0, 1.0, 2.0, 3.0, 4.0, 5.0, 6.0, 7.0, 8.0, 9.0, 10.0, 11.0, 12.0, 1.0, 56.0, 6.0, 6.0, 158.0, 5.0, 6.0, 251.0, 5.0, 8.0, 343.0, 4.0], [13.0, 13.0, 13.0, 13.0, 13.0, 13.0, 13.0, 13.0, 13.0, 13.0, 13.0, 13.0, 13.0, 14.0, 14.0, 14.0, 14.0, 14.0, 14.0, 14.0, 14.0, 14.0, 14.0, 14.0, 14.0, 14.0, 15.0, 15.0, 15.0, 15.0, 15.0, 15.0, 15.0, 15.0, 15.0, 15.0, 15.0, 15.0, 15.0, 56.0, 13.0, 56.0, 158.0, 15.0, 56.0, 251.0, 56.0, 251.0, 343.0, 13.0, 251.0], [-1.453999157668134, 0.36219588845169837, -0.6292779866081389, 1.0871371226071882, -2.0, 1.0883674427139838, -1.5533387276834731, -1.0551099364690697, -0.20991370606226814, -0.9661116316224855, -1.7633992204427182, -1.0785771029408568, 1.6039157507529813, -1.0111392161533475, -1.9392939046997684, 1.9035775669528872, 0.0036640784167407403, 2.0, 0.12078178611630681, 1.7943137497128065, 0.13907396651199086, 2.0, -1.452029589504458, 1.8434352559063756, -1.23968574156918, 0.34374376394399864, 1.3561215648833371, 0.6928633127678498, 0.1700144866125432, -0.5071343576958902, 1.3303053275453707, -2.0, 0.1437945686372343, 1.7278118978418544, -1.0678583429647688, 0.0923455256431091, 1.0887349260770807, 0.5715547640233625, -0.5728659745047398, 0.7303046599557046, -1.5379822414023865, -0.30896239836644945, 1.1841251607612646, 1.6235563391458265, 1.001159466451642, 0.8743150037460573, 1.4243506855596577, 1.0290785719834745, 0.78320435016879, -0.7720499739573854, 1.0], [1.0, 1.0, 1.0, 1.0, 1.0, 1.0, 1.0, 1.0, 1.0, 1.0, 1.0, 1.0, 1.0, 1.0, 1.0, 1.0, 1.0, 1.0, 1.0, 1.0, 1.0, 1.0, 1.0, 1.0, 1.0, 1.0, 1.0, 1.0, 1.0, 1.0, 1.0, 1.0, 1.0, 1.0, 1.0, 1.0, 1.0, 1.0, 1.0, 1.0, 1.0, 1.0, 1.0, 1.0, 1.0, 1.0, 1.0, 1.0, 1.0, 1.0, 1.0]], "node": [[0.0, 1.0, 2.0, 3.0, 4.0, 5.0, 6.0, 7.0, 8.0, 9.0, 10.0, 11.0, 12.0, 13.0, 14.0, 15.0, 56.0, 158.0, 251.0, 343.0], [4.0, 1.0, 1.0, 1.0, 1.0, 1.0, 1.0, 1.0, 1.0, 1.0, 1.0, 1.0, 1.0, 2.0, 2.0, 2.0, 3.0, 3.0, 3.0, 3.0], [1.0, 1.0, 1.0, 1.0, 1.0, 1.0, 1.0, 1.0, 1.0, 1.0, 1.0, 1.0, 1.0, 1.0, 1.0, 1.0, 5.0, 5.0, 5.0, 5.0]]}