{"conn": [[0.0, 1.0, 2.0, 3.0, 4.0, 5.0, 6.0, 7.0, 8.0, 9.0, 10.0, 11.0, 12.0, 13.0, 14.0, 15.0, 16.0, 17.0, 18.0, 19.0, 20.0, 21.0, 22.0, 23.0, 24.0, 25.0, 26.0, 27.0, 28.0, 29.0, 30.0, 31.0, 32.0, 33.0, 34.0, 35.0, 36.0, 37.0, 38.0, 92.0, 93.0, 180.0, 181.0, 182.0, 338.0, 339.0, 538.0, 539.0, 705.0, 706.0, 1015.0, 1016.0, 1136.0, 1137.0], [0.0, 1.0, 2.0, 3.0, 4.0, 5.0, 6.0, 7.0, 8.0, 9.0, 10.0, 11.0, 12.0, 0.0, 1.0, 2.0, 3.0, 4.0, 5.0, 6.0, 7.0, 8.0, 9.0, 10.0, 11.0, 12.0, 0.0, 1.0, 2.0, 3.0, 4.0, 5.0, 6.0, 7.0, 8.0, 9.0, 10.0, 11.0, 12.0, 7.0, 39.0, 8.0, 79.0, 14.0, 11.0, 143.0, 2.0, 221.0, 0.0, 282.0, 11.0, 406.0, 4.0, 453.0], [13.0, 13.0, 13.0, 13.0, 13.0, 13.0, 13.0, 13.0, 13.0, 13.0, 13.0, 13.0, 13.0, 14.0, 14.0, 14.0, 14.0, 14.0, 14.0, 14.0, 14.0, 14.0, 14.0, 14.0, 14.0, 14.0, 15.0, 15.0, 15.0, 15.0, 15.0, 15.0, 15.0, 15.0, 15.0, 15.0, 15.0, 15.0, 15.0, 39.0, 15.0, 79.0, 15.0, 15.0, 143.0, 13.0, 221.0, 13.0, 282.0, 14.0, 406.0, 15.0, 453.0, 15.0], [-1.0007701864839103, -1.3593082696405194, 0.07751998849373218, -1.5892100831533607, -1.8608687555440169, 1.9677848462272964, -1.373358715592563, -0.20771113417272122, 1.4150886899092932, 1.9850362575216656, 1.8961303349725425, 1.0386682538697267, 0.17954725753115525, 1.444973386291562, -0.8966306397959373, 1.8238706283570985, -1.4971550070061261, -0.31075871872962285, -0.09164315987439758, -1.5968125417464134, 2.0, 0.23775887467667095, 1.3178142974274396, -0.3837166028346999, 0.7742902726145239, -1.3014730621172184, -1.6220251611714724, 0.7451772624988257, -1.7447444180536378, 2.0, -0.11760246409874489, 0.4883380893920015, 1.6770153810313961, 0.11171453150837662, -0.7291469363320912, 0.44094216250138296, 1.9763613416561765, -0.5508666495390702, 1.9219407339506978, 1.0911482743360195, 1.704982413310129, 1.1912478181676187, 1.5641778687597139, 1.8503218189531079, 1.4708988239149452, 0.4249583985467238, 1.3371426209032358, 0.150711217902872, 1.3747680157655824, 1.2106743862819445, 0.4665075799051366, -0.6219661098237397, 0.7234815595347354, -0.2825010359814056], [1.0, 1.0, 1.0, 1.0, 1.0, 1.0, 1.0, 1.0, 1.0, 1.0, 1.0, 1.0, 1.0, 1.0, 1.0, 1.0, 1.0, 1.0, 1.0, 1.0, 1.0, 1.0, 1.0, 1.0, 1.0, 1.0, 1.0, 1.0, 1.0, 1.0, 1.0, 1.0, 1.0, 1.0, 1.0, 1.0, 1.0, 1.0, 1.0, 1.0, 1.0, 1.0, 1.0, 1.0, 1.0, 1.0, 1.0, 1.0, 1.0, 1.0, 1.0, 1.0, 1.0, 1.0]], "node": [[0.0, 1.0, 2.0, 3.0, 4.0, 5.0, 6.0, 7.0, 8.0, 9.0, 10.0, 11.0, 12.0, 13.0, 14.0, 15.0, 39.0, 79.0, 143.0, 221.0, 282.0, 406.0, 453.0], [4.0, 1.0, 1.0, 1.0, 1.0, 1.0, 1.0, 1.0, 1.0, 1.0, 1.0, 1.0, 1.0, 2.0, 2.0, 2.0, 3.0, 3.0, 3.0, 3.0, 3.0, 3.0, 3.0], [1.0, 1.0, 1.0, 1.0, 1.0, 1.0, 1.0, 1.0, 1.0, 1.0, 1.0, 1.0, 1.0, 1.0, 1.0, 1.0, 5.0, 5.0, 5.0, 5.0, 5.0, 5.0, 5.0]]}